"","session","person","ListenerChoice","minus_positive_sync","minus_negative_sync","minus_positive_listener_mean","minus_negative_listener_mean","nasalis_mean_corr_1","nasalis_mean_corr_2","zygomaticus_major_mean_corr_1","zygomaticus_major_mean_corr_2","frontalis_mean_corr_1","frontalis_mean_corr_2","orbicularis_oculi_mean_corr_1","orbicularis_oculi_mean_corr_2","platysima_mean_corr_1","platysima_mean_corr_2","risorius_mean_corr_1","risorius_mean_corr_2","listener_mean_negative_set_activation_1","listener_mean_negative_set_activation_2","listener_mean_positive_set_activation_1","listener_mean_positive_set_activation_2"
"1","04122022_1545","04122022_1545_1","1",-0.00885518018755168,-0.00320591816199637,0.0490308821454817,0.0106816873549409,0.375339249305028,0.413258737108718,0.325408135525913,0.311084291877458,0.30478553457357,0.317767828925465,0.327736190153712,0.326056167141058,0.332442042896503,0.358901747800952,0.361294527950337,0.339297254580429,0.372356743486219,0.364486019462649,0.320360759045267,0.290413936910421
"2","04122022_1545","04122022_1545_2","1",0.041355975607534,0.0240086608626286,0.00366916846109723,0.0641444189861335,0.363765392936449,0.344627009067014,0.365854883682655,0.302539336259553,0.352384937177511,0.306974445676571,0.344248511427033,0.334327384187179,0.312635098680609,0.330707499057487,0.387642244086071,0.336732775284196,0.287903713921514,0.253195236154858,0.508999819730636,0.505278262580239
"3","04122022_1545","04122022_1545_1","0",0.0663184901968557,-0.0374454347854699,-0.152334800318061,-0.032896856413966,0.348234770098979,0.335296270024234,0.343620497320203,0.318351195563326,0.316441286888223,0.290066858300831,0.320768806106843,0.267882091435191,0.317438213387337,0.354019525944917,0.317717703025747,0.330554242309846,0.355337102608189,0.379511305164726,0.318795669095694,0.433377875873033
"4","04122022_1545","04122022_1545_2","0",0.0241226061360784,0.0394029033039514,-0.0152370273687651,0.00557451108460235,0.330130029100151,0.334919199778392,0.334459151697771,0.319232847018462,0.337939768667303,0.341572306310637,0.368045700021162,0.331155016728217,0.37210154481148,0.336146703779686,0.373801116803102,0.353202853439411,0.262511578490432,0.259601055823041,0.525266970968772,0.541521658512871
"5","05122022_1600","05122022_1600_1","0",-0.022269038484212,-0.0501478767324488,0.0115246537666764,0.019473236871155,0.383058891884805,0.386316670869022,0.286403693670781,0.301926480525113,0.287694636910764,0.296105057676678,0.330798893517177,0.350562391290127,0.30453085573303,0.325422265716784,0.301526873620368,0.344629652963284,0.655261133774299,0.630228489838279,0.77174107946722,0.754155647999462
"6","05122022_1600","05122022_1600_2","0",0.0257823857268538,0.00745300112752561,0.00388774131144493,-0.0734650392357654,0.437822127924415,0.395158264487172,0.289648957951228,0.311480745951787,0.317570498345284,0.29916266451133,0.39645396662542,0.378968701824734,0.313283918608218,0.300157986215163,0.352469389131209,0.355745015559255,0.34930142027048,0.404693701472936,0.422382755151927,0.41911124416744
"7","05122022_1600","05122022_1600_1","1",-0.0584495065501246,-0.00236607721799881,-0.0155888047748003,-0.0105413804122926,0.362377612007822,0.396408714313836,0.30712762903729,0.326054145966963,0.292691060897881,0.323994415353306,0.330200878858379,0.376233210096037,0.306887821024668,0.286411868028094,0.306984118715231,0.330371898140755,0.631923494014664,0.645388121660536,0.751995114788207,0.775811798492937
"8","05122022_1600","05122022_1600_2","1",-0.00239780625298556,0.00843756213795742,-0.0310034699811638,-0.0169110402849219,0.407497738410959,0.424359881642581,0.304259226045157,0.315831169778015,0.326720526836414,0.314286194468952,0.388178677468739,0.404049629749594,0.316283550666529,0.309426479476109,0.31906545691135,0.31529064184128,0.312043864863013,0.322779386439597,0.39628943898787,0.421648348632828
"9","06122022_1215","06122022_1215_1","1",0.000544569926593843,-0.0162456498625905,0.000704884801655106,-0.0237740185541284,0.333614062576217,0.311756470563523,0.365904158634657,0.349220025820859,0.306319014734283,0.344342958363619,0.365140050904631,0.32638519248134,0.310550076844171,0.320464326733545,0.272152095769452,0.281483250932935,0.416523751964606,0.436810946928984,0.596726576928063,0.59588592250295
"10","06122022_1215","06122022_1215_2","1",-0.0242829230333653,-0.0268458885466818,0.0371263742160425,0.0216239304247545,0.356805237953113,0.313327143275481,0.345165223068506,0.333067753196116,0.310131957497638,0.325073753528338,0.350808534216484,0.36876473181284,0.349924978400195,0.367072407764268,0.292623012917725,0.310926847763088,0.640018752834793,0.612925180396482,0.503423578720384,0.467381120178377
"11","06122022_1215","06122022_1215_1","0",0.0032323616023113,0.0157105607354025,0.00763955577045315,-0.000782707771266552,0.328514527511514,0.395193702990654,0.37973483611774,0.357573566583582,0.315060671150503,0.359204579975024,0.376310319121831,0.327711288777228,0.350275600973973,0.328980450125574,0.294519006794449,0.295867363272863,0.446934591360901,0.447634777758048,0.53031639042239,0.52227505933844
"12","06122022_1215","06122022_1215_2","1",-0.0216002148664304,0.0139100995637767,-0.113510208246512,0.0206997305776731,0.293680603861887,0.296381609304836,0.292772724071464,0.313822148072878,0.300108830687748,0.295396984408494,0.309554078714247,0.341185084296829,0.345331374015491,0.335602065863195,0.309648608144688,0.301406230704644,0.629003511320819,0.603491202800109,0.475818099343161,0.597669951550209
"13","07122022_1030","07122022_1030_1","0",0.04622429485589,0.0353442358866339,-0.049841085448424,0.00341241617295093,0.44024693990845,0.364721786107206,0.369878279923627,0.321246156484601,0.31684043893097,0.30647454527169,0.371570043979953,0.321105216539713,0.353644873773923,0.332477413420436,0.345321828726569,0.318767105184525,0.205900617162797,0.20450015891711,0.539745418034667,0.596370677427949
"14","07122022_1030","07122022_1030_2","1",0.00581810426010643,-0.0293219510076451,-0.00212818496144139,0.0117916675086151,0.429512297465796,0.456802325206658,0.393261324116124,0.397254897801696,0.324257277764801,0.32056378497726,0.412994598645968,0.40815889860083,0.43481953551994,0.439273389811791,0.378038213471746,0.422693484737768,0.339799293208665,0.331879085098936,0.430622495633605,0.432459293317345
"15","07122022_1030","07122022_1030_1","1",0.0395034484537986,-0.0385025461832938,-0.0469881721093707,-0.00259535358678723,0.37798612354699,0.451484970928767,0.339632879952357,0.330993493445388,0.321288461354107,0.301338264131177,0.355202596526241,0.323736457085388,0.326739429108434,0.342000625998123,0.311700602522945,0.347571245256072,0.197679283544462,0.198708048829295,0.527939530982514,0.57999956385756
"16","07122022_1030","07122022_1030_2","0",-0.0145176870270269,0.00687799640657175,-0.010144194482428,-0.0648329601491694,0.421870597674741,0.396415077660816,0.392268070396887,0.402184980974693,0.305414734408683,0.334085247827085,0.420893543844027,0.413622331316173,0.464406279146888,0.433035027802521,0.379290757013,0.399135397976262,0.308639687140658,0.351434233321486,0.420757112717767,0.429381079880423
"17","07122022_1230","07122022_1230_1","1",-0.0723085241723448,-0.0186935603332032,-0.0490096289495004,-0.149223850562627,0.3714594797261,0.410763547992891,0.335440168120604,0.375302581949464,0.386576247040329,0.415010733490774,0.327538363828623,0.410426606857338,0.406360253510038,0.406783524060727,0.356331783079907,0.3849665702884,0.75538054673489,1.02036398309104,0.771733081815528,0.851276162669341
"18","07122022_1230","07122022_1230_2","1",0.0320134515425514,0.0601428463929887,0.143428663211457,0.119400877541738,0.50998323367309,0.376730385536506,0.419946790954003,0.300463958745631,0.351652654215357,0.356827543509489,0.383125101861416,0.332364039143771,0.342803261267081,0.332750614773,0.409677668039878,0.334352490028627,1.02846884963932,0.809065621296401,0.798829551468012,0.598423424899405
"19","07122022_1230","07122022_1230_1","1",0.1065814957236,0.0593583091865258,-0.032090241509318,0.0928544194657784,0.480801891307926,0.339438347275996,0.439309514032921,0.330401553926591,0.381705534809373,0.367530621804978,0.453154843626241,0.306508943707403,0.420322800923934,0.353726450003708,0.448372284240266,0.417618624296674,0.762206543054108,0.63268472421404,0.706120804783813,0.752942498565681
"20","07122022_1230","07122022_1230_2","1",-0.0294539714016836,-0.0422737533178195,0.0237156239765536,0.0585666584679411,0.379883135207239,0.355177014551778,0.369315173005842,0.392408491594501,0.389131427705238,0.418516682576878,0.34935978687258,0.364797752072189,0.342150200924361,0.36110781168969,0.393092856039386,0.43904206750306,0.746836791964052,0.66419724352115,0.701495853819303,0.668993835679408
"21","11122022_1500","11122022_1500_1","1",0.00451671567533561,0.0238972582922247,0.00953599270274597,0.00270984241626332,0.378221669593372,0.379619003383612,0.347291801979359,0.367764312664862,0.336793022063165,0.340369381202484,0.314057581320999,0.304628244173981,0.342180223729837,0.319281113948644,0.332138701105875,0.323561266951377,0.762345920624576,0.758225411930664,0.78755639043057,0.772678006605857
"22","11122022_1500","11122022_1500_2","1",0.021384854211173,0.0269772652405891,-0.0196779524280114,-0.00221788222078536,0.388701836695993,0.335518152171415,0.353553569603364,0.352253809682805,0.334635572558883,0.325165585746223,0.339958595156387,0.321180467913273,0.335808232455284,0.31967859142701,0.346999623275776,0.327256437794888,0.541805737834017,0.544214402594889,0.752383830070524,0.782588951443448
"23","11122022_1500","11122022_1500_1","1",-0.0293049199966413,-0.0299709130656322,0.00611321556732387,0.0121978908761747,0.423409010458799,0.366731881893411,0.411444868622846,0.360920053003304,0.302132189870544,0.347287602980804,0.328592032130024,0.3215192739058,0.320989775592139,0.354804416950796,0.336467505264826,0.34327967659527,0.742696785582443,0.724796463073811,0.772399834695082,0.763013521861503
"24","11122022_1500","11122022_1500_2","0",0.0467029589116768,0.0423753848432262,-0.0238398475379598,-0.0121763003515182,0.336915057954185,0.329373275468712,0.361541905834797,0.330657845779483,0.37052659064817,0.318965740867599,0.322885374977318,0.312567369321875,0.31327438399916,0.293591775318048,0.356607172578898,0.321824779165502,0.484476044649811,0.496419726168832,0.730041207221593,0.765699436115069
"25","13112022_1530","13112022_1530_1","0",0.0165472769929717,0.00602803996568014,-0.0114658873854333,-0.0305655912242566,0.352932427694734,0.354327271611078,0.4343444699399,0.425933289093979,0.307953893781934,0.299654103606343,0.295592439402453,0.284243269653943,0.323754446412199,0.330682426851398,0.362784865584184,0.347629507286082,0.386092230106508,0.410438667933489,0.375637358090326,0.384351302486708
"26","13112022_1530","13112022_1530_2","1",-0.0543958247286473,-0.0562171304479862,0.00107252076435802,0.0316569239171657,0.446784793720798,0.434494002404514,0.322743470737503,0.337692220838141,0.300746339550893,0.343292560573241,0.294205160535076,0.320108039817166,0.326626203961322,0.382346370499098,0.33999710496627,0.363692767485529,0.356820324383602,0.334921893618033,0.908507363750645,0.906560665600444
"27","13112022_1530","13112022_1530_1","0",0.0147322033382543,0.0184008156075789,0.0429122288026663,0.00357720388466051,0.459315629123192,0.438433275534059,0.384487245334407,0.370862005170013,0.313173909118147,0.306071086027078,0.304134957224741,0.293313209258437,0.367643470520568,0.370208369731912,0.412733229854859,0.38196810230907,0.419356993906683,0.416367437225133,0.410087272639981,0.376339928641931
"28","13112022_1530","13112022_1530_2","0",-0.00637789659623943,0.0562955789726031,0.000405631216491825,0.0372209041597098,0.407106348068201,0.387970822193247,0.3500240389662,0.31378088172742,0.317115036790964,0.313178718822588,0.29558244727485,0.307384373676777,0.32463808139292,0.297761104747968,0.376386554211214,0.328540908664037,0.377910479474133,0.350787675294145,0.910586299205809,0.909847874277476
"29","13122022_1215","13122022_1215_1","1",0.00874837232448865,0.0782442719575354,-0.00327369250315455,-0.0560485570754645,0.364084624095168,0.270970348758248,0.335559798559146,0.292529797208521,0.321493312188942,0.294867981215974,0.308243796325113,0.323946334572016,0.30867409049816,0.282496414386545,0.353943641726278,0.283953791809809,0.453397383465898,0.507239706215726,0.716359535014973,0.721065221664764
"30","13122022_1215","13122022_1215_2","0",0.0208301620458051,-0.0173915628629688,-0.0820721727011903,-0.136535852364793,0.301828423088462,0.327517649251336,0.405998096846504,0.314592931801556,0.316092462242082,0.315928600197771,0.365243839543814,0.337602203471872,0.34901626928554,0.316031316392636,0.357288626777879,0.415275901116547,0.251268875835326,0.330732997718968,0.581115482821747,0.685030864504487
"31","13122022_1215","13122022_1215_1","1",-0.010160713008131,0.0293680741161647,0.00623603490223767,0.042503905168263,0.359861058520483,0.311239247284637,0.358064874530496,0.312567200686013,0.301474593230181,0.322809775931373,0.36199270839523,0.354278526457873,0.356455859034021,0.33124673513643,0.364790129862978,0.348844673216383,0.406771615913245,0.373602661625008,0.678275222712168,0.669868153564486
"32","13122022_1215","13122022_1215_2","0",-0.0173775628256974,-0.0151281837576998,0.023335983443262,-0.151743413204841,0.346589389375495,0.347044069181306,0.373943674601221,0.325887298956772,0.317763983214925,0.325519661680234,0.333080622218928,0.34834516513838,0.383061342579399,0.394474660261968,0.409740896816589,0.42268335368925,0.257367877609048,0.349448224064675,0.629305583244457,0.600604423686025
"33","13122022_1415","13122022_1415_1","0",-0.0817851487665558,-0.0788543034625044,0.00507298880167289,-0.0950985482730136,0.315469847210024,0.352764934358986,0.352321203530111,0.39869687273736,0.329077494483823,0.373196840576555,0.330310027697391,0.403653618571881,0.328974518634653,0.368070139475854,0.349529096811111,0.426599529166228,0.15583629906626,0.188590817873047,0.521498516527659,0.516234110531457
"34","13122022_1415","13122022_1415_2","1",0.0425555373225415,0.0542926568195331,0.0526838986963634,0.0564587404956326,0.31664396800931,0.304122674137475,0.360670358571865,0.434411769498369,0.398222661725799,0.384985775848088,0.392324770632388,0.341023759854048,0.343738092385237,0.305119067211679,0.390108196403826,0.353145807901025,0.576514721905095,0.51489509810288,0.689168796735967,0.620186837162165
"35","13122022_1415","13122022_1415_1","1",0.0443903834976345,0.0752767651100962,0.123220664444285,0.0939645578983264,0.346574378465517,0.324065174742332,0.365743849731103,0.353677465901062,0.374237350403581,0.357329813747728,0.356634937646085,0.311413022198664,0.412637575534402,0.301364173567395,0.436321887857508,0.428729293297187,0.214398287905458,0.177567404872286,0.697931302539774,0.544801002220798
"36","13122022_1415","13122022_1415_2","1",-0.00778829231070616,0.0193412550572754,-0.00102183596852036,-0.0106050523389872,0.349425674720911,0.371450517853632,0.404139872357149,0.421027931066118,0.400136459991207,0.40288194193409,0.390433886293674,0.400099451108911,0.376928996244079,0.365553723290576,0.470244705804806,0.449470975531273,0.482878489445178,0.493230172897864,0.620038260708036,0.621306711650134
"37","14122022_1030","14122022_1030_1","1",0.00362749241212917,0.0175258582252975,0.00992471155517793,0.00392889474869861,0.32504726348303,0.360839404897575,0.308590597976242,0.327617391852894,0.38222946337673,0.350647115665231,0.290176502562948,0.316898187214183,0.295461384187654,0.290103694666723,0.335797348631655,0.319409446204351,0.640036340718586,0.635026752029229,0.679230548125562,0.665880706909713
"38","14122022_1030","14122022_1030_2","0",0.00411013897063154,0.0127522145676625,-0.0956946956429973,-0.0705424860591156,0.312626531536615,0.337908525294675,0.292395036609676,0.30217253361717,0.363961353986845,0.369030773498946,0.291257103316529,0.280823652885667,0.296621997900891,0.293763317089581,0.336520240657701,0.323434319103671,0.474185122873983,0.54616301732975,0.691246232756918,0.837543279869952
"39","14122022_1030","14122022_1030_1","1",0.00851627899966602,-0.0373869645331327,-0.00447475292742858,0.00142302744369458,0.347158167662815,0.350452072660847,0.293920718093363,0.292827909496626,0.375746646221079,0.381243796194594,0.327751956037046,0.310373608907948,0.285268268860925,0.305574991157606,0.339795176377225,0.368042180234362,0.643646975292832,0.641817723748196,0.667638097794761,0.673639985825938
"40","14122022_1030","14122022_1030_2","1",-0.0167309481522717,0.0156027712050587,-0.0589440745764906,-0.0319752917321095,0.355611862389754,0.339759400060063,0.277341058060521,0.288199264579587,0.350275963077927,0.371608608304495,0.29537580626649,0.296015511856871,0.299439730082333,0.299506562383788,0.383860212972337,0.362798218038033,0.47878684423596,0.510416923284942,0.66964427436395,0.753532088002794
"41","14122022_1615","14122022_1615_1","1",-0.0247677929506178,-0.0380454550894599,0.0828837593656356,0.0398368668885385,0.314311839086999,0.308700467079491,0.34679366825799,0.376054506898821,0.301027624055107,0.298714253406112,0.314113665893596,0.347672296891246,0.308940157770923,0.357735985673619,0.345473547904388,0.348442052071067,0.274641409383489,0.253598006103457,0.341504229946343,0.289226865598759
"42","14122022_1615","14122022_1615_2","0",0.0141864437168468,0.0225672999746278,0.0151924986540266,0.021798429478501,0.323525354669474,0.294564772174843,0.300461311899193,0.33652782109293,0.32159652753594,0.348599361968874,0.352699749627481,0.306832797568599,0.359424771304611,0.348051731544947,0.348260742515256,0.328397596102201,0.350875346940046,0.335904622215169,0.420859175229038,0.408262741623236
"43","14122022_1615","14122022_1615_1","0",0.0270274028898721,0.000452562314867321,0.0198994497070164,0.0231898643318716,0.312403274452092,0.286835085385998,0.391078465130228,0.342877062377019,0.349716689711241,0.307076061936429,0.350852545586023,0.356620609062453,0.35983363296916,0.343919631881121,0.348308459985844,0.363581794165897,0.258047480693659,0.246350558593331,0.319936521430083,0.307451838318499
"44","14122022_1615","14122022_1615_2","0",0.000954260105798344,0.000494429091142622,0.102483743740515,0.0818531132312123,0.30454833294937,0.314640327312521,0.334942938962334,0.31124574506357,0.354944179969661,0.358279413140602,0.345712403308176,0.341041227723211,0.365678229948984,0.339233175832994,0.332667722662581,0.358422552936013,0.396029150346416,0.336101941209221,0.447916931568823,0.36464277121487
"45","15122022_1430","15122022_1430_1","0",-0.0336318519691928,-0.00399025514552146,0.0173248774487652,-0.0205968676949836,0.375883808627236,0.3751715559991,0.368293681768871,0.349069336835396,0.323449497709727,0.334077922587842,0.341313054419547,0.376955185526607,0.335293250897963,0.334680304287816,0.341592871191347,0.347629355764957,0.486752272229476,0.507225092502673,0.604338600000678,0.583755023574577
"46","15122022_1430","15122022_1430_2","1",-0.0669455791167861,-0.00724388529938503,-0.0291127260288314,0.0648005553141245,0.359457917909991,0.417179205387135,0.348457416730274,0.373023211922957,0.321773379913481,0.343433734383115,0.314004606339574,0.383576927106881,0.354074508099038,0.35094043622019,0.330748800660219,0.34387683062311,0.425910062585032,0.374070854891829,0.706027078809397,0.74836849879782
"47","15122022_1430","15122022_1430_1","1",0.0392202470586591,0.0111791824660763,-0.0419579386872892,0.0206080857031016,0.396918869704604,0.382346607843719,0.35243284791712,0.36562220006697,0.350257592806605,0.293906420105314,0.346796949751017,0.350534345055557,0.354498394886245,0.330929195913013,0.346832714382408,0.354894654947632,0.508599059828791,0.488059828050614,0.300112051623786,0.326399171093455
"48","15122022_1430","15122022_1430_2","0",0.00973353775768911,-0.0370024676840208,-0.0976297458086642,0.0427831053971195,0.370294993425565,0.380043835823806,0.340394203709395,0.363321833986142,0.336858559334699,0.326155008281425,0.359075122362749,0.356361476671835,0.355548374177685,0.375499817840179,0.297626286125899,0.32787034857603,0.384018028664254,0.352507192499566,0.606816147014392,0.738122129033269
"49","18122022_0915","18122022_0915_1","1",-0.0142955821297438,-0.00625378546190504,0.105788252486702,0.0681173439972705,0.331252868680223,0.358911498214118,0.31597646145094,0.398616618610794,0.326281852239448,0.357370565704914,0.326870896351423,0.314727413507776,0.355144428512616,0.3694039841459,0.346215293988936,0.340783250193137,0.26081885650089,0.227552309769689,0.37117489937159,0.30015597891707
"50","18122022_0915","18122022_0915_2","0",0.115350263914991,0.0464607723960346,-0.0230617683673898,0.0320577787894659,0.374646609168407,0.377930961180907,0.364249744887449,0.353623667247746,0.394275336267036,0.306213139439279,0.366752902516175,0.297403009114499,0.345742401084922,0.332133338048812,0.378812689271963,0.328084148779215,0.338128085136888,0.317122215933445,0.573478248011456,0.6005534961513
"51","18122022_0915","18122022_0915_1","0",0.00892953187143788,0.0873532789918585,0.184564218760747,0.291782817083031,0.4245332547758,0.374778684844536,0.414371205732234,0.405321008492873,0.35812720126578,0.34737385858349,0.411347399162121,0.408480270341237,0.442851707366991,0.379667754703365,0.378717629444708,0.309898898387718,0.355933671927577,0.195139878859093,0.441549439113732,0.303955839740067
"52","18122022_0915","18122022_0915_2","1",-0.0203752846366402,0.0263367662544427,-0.0247583077528947,0.134141754165053,0.335376966482604,0.352965805147007,0.351454535430301,0.337890129742332,0.333008544748946,0.351975662398211,0.338959223598245,0.347944717458263,0.324550378686688,0.315615805240447,0.314255259521012,0.290405126565485,0.359887197770186,0.274755158793315,0.513955175477749,0.540050574201631
"53","18122022_1115","18122022_1115_1","1",0.0224679661983399,-0.0223863591386519,-0.0148906922203735,0.00992248751391656,0.309483378948121,0.311749766281498,0.285162318169898,0.311349711956103,0.343715781724974,0.310086068729228,0.351117055493733,0.354209908233266,0.299604237217383,0.327650337439371,0.299243696783982,0.29862361510278,0.430587475276696,0.422126432177043,0.435207516961287,0.448364516161041
"54","18122022_1115","18122022_1115_2","0",-0.0478750768362246,-0.0454105114609116,0.0101288324069384,0.0420699282188714,0.279438469691536,0.323327605736997,0.301270505834385,0.315974903471876,0.344531954649115,0.302275375672229,0.300034583179478,0.407111800234115,0.304977222492298,0.342914566602522,0.309958342238666,0.330526856081423,0.615137921722903,0.565469838016043,0.837524573732837,0.820728407200656
"55","18122022_1115","18122022_1115_1","1",-0.0754639185425816,-0.0523204411326307,-0.0492314320212948,-0.0240022654854677,0.309313801718612,0.326800966657137,0.324167056714499,0.346466152515434,0.299878816987274,0.368270008402996,0.337951936795458,0.373684768255161,0.299973113086225,0.33209158688103,0.292386901270441,0.325675635999819,0.488526868304382,0.512555103565928,0.478394986245461,0.527938210617597
"56","18122022_1115","18122022_1115_2","1",0.0030273293538275,-0.0113285352726392,-0.0583561337563906,0.00100863861512013,0.31650400500429,0.298170230741816,0.379074049031423,0.34535454590941,0.332195681962461,0.341561318142148,0.423220944560223,0.409295323102139,0.362604982900969,0.335177728819136,0.281636917113297,0.323828058591104,0.555177453461982,0.554058635109763,0.683335219239057,0.768031361557581
"57","20112022_1545","20112022_1545_1","0",0.00107146280400522,0.00214701795180218,0.0147247567119684,0.0219774680472306,0.373493334019305,0.373387587171316,0.366071162823466,0.348662014605974,0.338985833786902,0.321761447454511,0.327786552923526,0.343583624947911,0.353219727085887,0.331685933186566,0.346281681642538,0.364818226525601,0.396983658028703,0.379909513182301,0.343258440646529,0.333296336155795
"58","20112022_1545","20112022_1545_2","1",-0.0132883433915336,-0.00971519031155176,0.0127160795493695,0.00558020197192103,0.377450591779812,0.380623331524299,0.37176820094041,0.373690143397333,0.364536095458162,0.342784757105748,0.362847799171582,0.404190933981603,0.377417589184166,0.361213795457976,0.356989403129377,0.387602998211007,0.350048229018164,0.346163228470214,0.366748453211905,0.357538364422309
"59","20112022_1545","20112022_1545_1","1",-0.0107197565675611,-0.0387118290569627,-0.0343196280083208,-0.0246834467969746,0.391580297072922,0.38112583745395,0.373516895990296,0.350952616685056,0.361433117803839,0.338382142836535,0.37889181637612,0.417986987369757,0.364295780850341,0.381096416909772,0.346354184687154,0.38679041227962,0.385874094018372,0.40540560435469,0.328054150855483,0.35137179663247
"60","20112022_1545","20112022_1545_2","1",-0.0493313378485691,0.0373369374356067,0.0475672889444568,0.0523928748293194,0.401991845510195,0.396809372354214,0.389035310984231,0.390551347627079,0.317277344937546,0.326418362685905,0.340632036918951,0.39977043403351,0.364781970405003,0.350803325500595,0.392629370408981,0.352084901705,0.380445683614202,0.342565071615216,0.400495375424722,0.364124481746012
"61","20122022_0830","20122022_0830_1","0",0.0637636139032415,-0.0354769209630409,-0.0468559494400103,0.0550109523305093,0.438693718972704,0.456379498343848,0.354383843299857,0.394323534729534,0.387976226573208,0.309745519271571,0.384000115842596,0.369683943749436,0.388359904114144,0.393458200336013,0.338626560552968,0.387008044978645,0.147387148081252,0.132016867120059,0.573488879554004,0.629873569631024
"62","20122022_0830","20122022_0830_2","1",-0.0200463038668397,-0.0252791355605806,-0.0359629489761735,-0.00344287925952277,0.387731681289053,0.35294707383324,0.334141601475821,0.329320784496311,0.356608619358673,0.337389417242293,0.352151645123621,0.400368183923597,0.353325611185128,0.344479701986195,0.359148200546335,0.404949760798212,0.200207774269088,0.201591119346416,0.257115443285783,0.276298584759552
"63","20122022_0830","20122022_0830_1","0",0.0204089833133691,0.0426581885355985,-0.246545275357968,-0.0376673099880511,0.407272578920594,0.351898388524441,0.373578590740535,0.359827422455915,0.359916149527815,0.350967742936036,0.36771187782658,0.34755401720304,0.400644374284922,0.361396474168573,0.391551112428779,0.365976955228825,0.169228607640741,0.182476388764691,0.475168350702507,0.786137299556069
"64","20122022_0830","20122022_0830_2","0",-0.0408556127085709,0.0131931067805953,-0.0333877143987438,-0.11923283282199,0.416267226488381,0.392561356328948,0.328935062851622,0.323486675849711,0.318976670797567,0.357393615934125,0.317877908370608,0.333715743604816,0.376158869076862,0.347832203209752,0.373113807308633,0.381927441827264,0.191805121013404,0.243735912215503,0.235357575427298,0.251616527702169
"65","20122022_1030","20122022_1030_1","0",-0.00690129966656365,-0.0542617089452194,-0.00358981271256765,-0.0459945241235289,0.404251376950792,0.399206594366335,0.335768031253254,0.369340926064382,0.390128362499604,0.362634399427974,0.374143278227603,0.412259483816606,0.322026981108748,0.353029421424365,0.324022550136182,0.367154258686443,0.185168183568477,0.203022845205981,0.695565565862099,0.700577457837138
"66","20122022_1030","20122022_1030_2","1",0.00414727590332998,0.00238792809304453,-0.0895124954752353,0.0651047542440269,0.347951032510017,0.384168814577361,0.376740632915767,0.389987868399831,0.331248332703491,0.336360553009621,0.372526858550702,0.361601248192951,0.380942266383573,0.336232527628377,0.335616125699018,0.376911837076578,0.376904458541548,0.330827728437678,0.318935363228313,0.381646164015783
"67","20122022_1030","20122022_1030_1","0",-0.0645088083443064,0.00758146912302196,-0.0421128895706937,0.115701344933509,0.324384461276477,0.361055704260589,0.331776128223865,0.334289038362563,0.319691716666206,0.333337371275769,0.326244636921961,0.401682845010222,0.364999283478185,0.340878101244917,0.348564999438114,0.361947862748288,0.278702187709402,0.220897797492751,0.683791565526342,0.743916476645517
"68","20122022_1030","20122022_1030_2","0",-0.0420988387410934,-0.0249332092764209,-0.181488066479624,0.078737345402328,0.392783053934956,0.395185836721503,0.348996837868777,0.395391960315734,0.329321856822494,0.34656902516664,0.373355389214768,0.417872205015041,0.395991744518436,0.381279396901559,0.356405124214572,0.409596207371447,0.364984860613561,0.311704163214451,0.507598727196651,0.732697733756571
"69","20122022_1215","20122022_1215_1","0",0.0194772794407694,0.00203826384112291,-0.0346634484221344,-0.00692710683593334,0.391010959906544,0.32126834482603,0.38968711985506,0.363258701107897,0.38428116481778,0.357523612251253,0.311060466447114,0.311248788816817,0.310316079197341,0.321932065173797,0.352414448560582,0.338102318694451,0.127852337942807,0.12963598707924,0.427977487023096,0.458713245496162
"70","20122022_1215","20122022_1215_2","0",0.00726697126112585,0.0422064799256872,-0.0449637412736925,0.0439918508081767,0.370042802020463,0.356830367798503,0.38155322861319,0.350037130426412,0.353142113765861,0.354426032041195,0.328952147085175,0.317826231539191,0.33872023822449,0.302207164271933,0.386043132077463,0.363854382104106,0.672863566871951,0.616157159393437,0.705482730783658,0.771911921696932
"71","20122022_1215","20122022_1215_1","1",0.023809550797055,0.031153123255547,-0.0685926359471827,0.00391234005199573,0.401335872742955,0.361474986609409,0.427031177225644,0.418183917843874,0.368504440150256,0.363393449190856,0.328248564197846,0.30095240279749,0.339691112988897,0.313313315778333,0.367805521896343,0.351433645227478,0.153631765874254,0.152434331224019,0.509399050578302,0.584427496726977
"72","20122022_1215","20122022_1215_2","0",0.0259943872170631,0.0295841005248351,-0.0317580467923664,-0.079635241080789,0.390619909871234,0.312149598256919,0.423662210228934,0.415762116870099,0.386516965108231,0.378433615801475,0.308903519115483,0.28174880168267,0.324354691921844,0.299283514388538,0.370546317889995,0.355682882372064,0.597846191749491,0.701304359063743,0.762325610037254,0.812333714549516
"73","23112022_0830","23112022_0830_1","1",-0.0292147003715829,0.0252140772339248,-0.0112552367530208,0.00958967724696135,0.308825563134974,0.296870648159132,0.437059471189037,0.418828878992772,0.338578739556,0.382033200747287,0.377344980323914,0.376980370149544,0.363055258054707,0.347847740482845,0.335463685836265,0.316312505080173,0.488473234302466,0.479193621472998,0.497174851865291,0.508493891668881
"74","23112022_0830","23112022_0830_2","0",0.0320034642762758,0.0409101489942894,0.0458888441221225,0.0121692249855042,0.307406245857153,0.326536767940169,0.371202409465973,0.313086403018959,0.366307815137125,0.366840223753995,0.362026386428238,0.316321227122332,0.413120824443108,0.361237377424378,0.340373954376119,0.333029265906504,0.317306409462872,0.30967651321474,0.354991416277626,0.323840599710826
"75","23112022_0830","23112022_0830_1","1",-0.00805260129249703,-0.0226714642809367,0.0514384481514295,-0.019129937817147,0.323455268318887,0.32522553237884,0.40028362449479,0.354402275028456,0.333180893887477,0.326983024558392,0.330972780236657,0.347953811539124,0.359190651362332,0.361606310520452,0.32575214557953,0.355114247098227,0.489664864455026,0.508764761106821,0.503537988655815,0.454269840306693
"76","23112022_0830","23112022_0830_2","0",0.0327928813199166,-0.0371902332972809,0.163791977780093,0.0782630228860406,0.303790389373717,0.307526225011581,0.405570025802791,0.346136020738758,0.412656103082688,0.365199899672762,0.343953392832626,0.343362391708447,0.338260816715578,0.363108698498547,0.301041556843067,0.325582049051308,0.393270799520434,0.33618164607641,0.393280902522401,0.282580265162524
"77","26122022_1015","26122022_1015_1","1",0.0342012457760522,0.0355528495410268,0.019604817663911,0.0254934449708912,0.361087316331424,0.388134618653687,0.339525000069339,0.368502672470966,0.325907238441587,0.329161945334864,0.325656345989038,0.279306958286098,0.32294114884185,0.273292442040483,0.334447888592691,0.338957318247189,0.634263842986957,0.602728643113158,0.707957148682146,0.680732148224467
"78","26122022_1015","26122022_1015_2","1",0.0282982391634668,0.0551729576066833,-0.0276663568770547,0.00341076245450336,0.401536849647243,0.339155054495491,0.296298311293464,0.328782723375945,0.381020913072941,0.349813462343227,0.301000100450421,0.294669815491908,0.332304422789886,0.309122459965003,0.363490291168856,0.313908728394536,0.76585264511418,0.760646120437789,0.778647679955637,0.822958282077669
"79","26122022_1015","26122022_1015_1","1",0.00955100153604569,-0.0205251282418032,-0.0166311644474595,-0.0294201659091188,0.346089432891746,0.322715697593964,0.304596446528723,0.32367720986624,0.383678967983424,0.384620950828134,0.305528735341014,0.291546056537227,0.292513023730446,0.303179236486838,0.372047514818133,0.389233349462746,0.518996901508212,0.550460516169013,0.698227975934152,0.721845450618619
"80","26122022_1015","26122022_1015_2","1",-0.0367200845355624,-0.0431227714666165,-0.00262467272916929,-0.0259766113916875,0.295926481018779,0.309776251097043,0.316277967062618,0.340014342783484,0.323275594090561,0.35766412313274,0.28930751684754,0.301622138691383,0.309572790732896,0.317363852432957,0.321169664924942,0.370228869818254,0.722193498117278,0.760714420858159,0.842708281367822,0.847143589489597
"81","26122022_1230","26122022_1230_1","1",-0.0118209954798756,0.017614793025426,0.0134225526456783,0.151128079493511,0.325935181552149,0.340069217897731,0.408824093403993,0.396145220545784,0.366775538799045,0.399287932061336,0.316386044245174,0.300218159312347,0.397403322201524,0.359000283906273,0.381472405076717,0.392910947921299,0.460665439863058,0.339706730826667,0.437447265054327,0.425859484755633
"82","26122022_1230","26122022_1230_2","1",-0.0182111915952019,0.0111885664084926,-0.0901570125943469,-0.0179236684195674,0.332598460976703,0.325034077673463,0.334387888941065,0.33022688890601,0.289209568828371,0.322812655926527,0.295797523418543,0.283897018688932,0.347867295091759,0.346502711828233,0.364301899687931,0.34990650979793,0.4980252337066,0.516203941137965,0.746107535038682,0.893972226780772
"83","26122022_1230","26122022_1230_1","1",0.0126821690041061,0.0720165951727268,-0.0119714866038386,0.007069253365433,0.379492008580779,0.339048800905637,0.379640953548663,0.373264789161858,0.379216392702475,0.363111311209722,0.309874471193962,0.308720106312313,0.381211994290889,0.362866900872749,0.416145030959433,0.327359435628618,0.424020524531553,0.418067590291846,0.457494189408273,0.468580682329433
"84","26122022_1230","26122022_1230_2","1",-0.0168519222369249,0.0264748095885617,-0.0660393287714269,0.00461010711678882,0.344897335644942,0.317072906144925,0.420424141346677,0.370817990962454,0.322455835589361,0.333564041077395,0.279351792096188,0.28887448763462,0.342948003842346,0.324477521964635,0.352577533073673,0.335170064549046,0.463640569696413,0.459385321466582,0.658277895368398,0.751370102983545
"85","26122022_1430","26122022_1430_1","0",0.0355290291787698,0.0422320826462475,0.0387655332728559,0.175123728707247,0.36126685217732,0.384779528519192,0.343080600944446,0.351667879872279,0.328605148159597,0.324343066772679,0.358079466163381,0.315221211931621,0.352391414148465,0.330578550685077,0.37998964743861,0.342449171014475,0.392049174724384,0.275198307641881,0.507529511585573,0.469648677965039
"86","26122022_1430","26122022_1430_2","1",0.0167161550178338,0.00753712611347016,0.0829339734967244,0.111302055245404,0.366126862910499,0.355070210078126,0.314050668621441,0.286680188857507,0.355315339266313,0.343844988605972,0.367965023780673,0.355652007548733,0.319836966170313,0.306016933703239,0.351628257687993,0.355402172861997,0.77951454893053,0.623370553731128,0.814919966269066,0.690102475011895
"87","26122022_1430","26122022_1430_1","1",-0.0187191200325548,0.00995770383967588,-0.0861063077359192,0.0249019189117493,0.393986903340272,0.349749648907874,0.338713588728099,0.340963594406136,0.351189349143511,0.358344428548323,0.322661822376549,0.341215795744028,0.331882846916276,0.336166577002532,0.370996901233385,0.352853049400702,0.264621882602922,0.251762910361267,0.467306274619506,0.555364695921501
"88","26122022_1430","26122022_1430_2","1",0.0200222240189107,0.0246607661209861,-0.0516578360577655,-0.0470123028736054,0.402342068885733,0.375251744376062,0.330726250769946,0.310091897562532,0.369161264417175,0.35422587723389,0.361697676916943,0.347940706022069,0.309679503009937,0.306830072787491,0.37533516675631,0.345211759296093,0.584674957448905,0.642360730864623,0.676488827248268,0.750187857538415
"89","26122022_1630","26122022_1630_1","0",0.0160753371575083,-0.0271330586014481,-0.0701549420455221,-0.0152328149057498,0.393002769986086,0.400564858024784,0.449769615705714,0.454540926413003,0.304138106400281,0.283632188025936,0.402101395262713,0.400260470469024,0.374667477978535,0.373451233937807,0.361838076863779,0.404136297338203,0.661504293003123,0.681969175682395,0.693419996021883,0.798054287978303
"90","26122022_1630","26122022_1630_2","1",-0.0300064998292514,0.0300426858315709,-0.0274917688175336,-0.0273647072675043,0.341465941197773,0.351670067497014,0.380313439947129,0.400753308961277,0.295446209986872,0.319829458637287,0.354053205120049,0.369854151693775,0.364619969136113,0.358296720641772,0.415547282156715,0.376361116431492,0.520116917235419,0.549383482599377,0.571820465386059,0.604149972809177
"91","26122022_1630","26122022_1630_1","0",0.0216135782647458,0.00661513204982302,0.0701270456860529,0.127857856214774,0.437512339657486,0.392774478698038,0.484276454336654,0.461219730671296,0.357248803780455,0.317334852578517,0.422861912646601,0.429767328364306,0.405283498755296,0.410932672070769,0.448339190586663,0.43147058169759,0.605202590121402,0.467986884574523,0.68706871504337,0.597019408536188
"92","26122022_1630","26122022_1630_2","0",0.0364005979077328,-0.0460965151153205,0.0074218133264898,0.094970228266271,0.335675780737627,0.372189935895051,0.421951691756707,0.41080250177002,0.321107102024472,0.320247579916543,0.357665295227403,0.310844950779652,0.324196811113667,0.350768610671329,0.378571314776627,0.419920771511647,0.617545045571318,0.510421778785382,0.550037405725045,0.541933005177278
"93","27112022_1550","27112022_1550_1","0",0.0749119829379318,-0.0191002527406747,-0.0280149486459952,0.0191032354847608,0.371153147842124,0.350190760820675,0.449621234768986,0.410789440999601,0.312445611319943,0.271931266169425,0.407436742777405,0.347612054623886,0.305199412665358,0.340982965107058,0.365019831126996,0.355337533138395,0.344776581047828,0.331850808686298,0.613707819979366,0.64908489298356
"94","27112022_1550","27112022_1550_2","1",-0.0587555337389921,-0.0116108232274698,-0.0675961189970162,-0.0611088718954091,0.36979906907247,0.397010085754935,0.339524992064796,0.425865346037304,0.329995987259235,0.33218042343166,0.324655742511099,0.404202276717933,0.298147427359257,0.323292760452177,0.352653580426363,0.342798450090079,0.291076044080856,0.328966121337136,0.545858919913097,0.625004760589645
"95","27112022_1550","27112022_1550_1","1",-0.0214376962464868,-0.0396576307108168,-0.103607569514537,-0.0127115694737623,0.339864831225943,0.333313372423891,0.385808156537138,0.474938991745869,0.330120056895899,0.334205124290949,0.40132625266725,0.429289269987669,0.315915955706188,0.333117074359476,0.327589860490933,0.363536279289099,0.357834400523855,0.367048803735157,0.538163911440806,0.662568921944121
"96","27112022_1550","27112022_1550_2","0",0.0100401753412018,-0.00407373691035866,0.00232041997752298,-0.00685134537452106,0.353283521855162,0.373126474818205,0.375520412347062,0.358966982250044,0.334730235107074,0.325264011827986,0.322727277809737,0.319122756240789,0.299788525173009,0.329373800412001,0.389635720951496,0.365690487756622,0.299356687499006,0.303486977655824,0.508360583314945,0.506006824916337
"97","27122022_0830","27122022_0830_1","0",0.0151120976160291,-0.0100868692240874,-0.0162662792575476,0.263699596578226,0.297907442249377,0.32338066081581,0.314277182132768,0.344220824921961,0.320068546824915,0.316387372655123,0.335361308497777,0.319527554262405,0.325620941921813,0.330375300142362,0.299330145440253,0.307311854039489,0.232939274938483,0.135723143834495,0.83229435190329,0.85981873592526
"98","27122022_0830","27122022_0830_2","0",-0.026337302829988,0.0512782568695959,-0.043595125051536,0.00123284491923819,0.33312884682811,0.28251821271646,0.310785680565542,0.330504002748061,0.325773973294203,0.342673453252852,0.429439020447502,0.453396139750854,0.331984774950048,0.324656815245345,0.343708396913643,0.285119711228892,0.743058996149917,0.741229099112986,0.663369533581827,0.723845339444772
"99","27122022_0830","27122022_0830_1","1",-0.0366377524220576,0.0347178001783069,-0.0216839701067004,0.114471185380996,0.36054122393812,0.360219578513089,0.367747369067961,0.356598851869381,0.314683463211961,0.338921944880746,0.351515612082235,0.377949734298019,0.391874391622096,0.379942279304506,0.404027095211989,0.3625495749191,0.274778409814135,0.21833153043111,0.504553324021474,0.526919755442436
"100","27122022_0830","27122022_0830_2","0",0.00384123563240614,-0.0144362660440909,-0.0542704522815751,-0.014066568505852,0.339686162912649,0.332670087054865,0.294419737154941,0.317644000178816,0.330603628620141,0.311484688086221,0.39997559637548,0.41350336003454,0.310157586362484,0.308514769219069,0.293851936807197,0.313189484122233,0.798094953920719,0.82086821017695,0.672220161882301,0.749370531787012
"101","27122022_1215","27122022_1215_1","0",0.00771530577803038,-0.0158808729381855,-0.0758858686614655,0.0532275578881802,0.373894277217792,0.388604866352985,0.423057952963942,0.443270104230326,0.356523839866374,0.349473304308759,0.386191105251067,0.381868839632322,0.367029605024584,0.398976234582992,0.380889556958229,0.373081487159237,0.175378357671887,0.157651966797665,0.438112626745312,0.510065984289944
"102","27122022_1215","27122022_1215_2","0",0.047435196785898,0.0256952742380944,-0.00327230434554492,0.0586939041210434,0.407886685762265,0.393227837126992,0.395994749966602,0.337843965107004,0.361540777121902,0.3189897422651,0.369126623893356,0.345498190925221,0.388759271879957,0.359247877624024,0.363834821057539,0.355638892108022,0.304958216817627,0.271144499237608,0.435997751605481,0.43886055424144
"103","27122022_1215","27122022_1215_1","1",0.0288506848124302,-0.0822994007140206,-0.0470950296266786,-0.0281287729770174,0.367614063108516,0.362086215491408,0.373871514762152,0.406881239793856,0.373168505411077,0.371283821421198,0.371612993000391,0.331727852501664,0.352175198698466,0.435601567680632,0.354589619497629,0.397928605204234,0.273320811768357,0.289142206311904,0.445763708317521,0.48982530040154
"104","27122022_1215","27122022_1215_2","0",-0.0268222345626391,-0.0378269518002443,-0.0632966686587318,0.191507220968385,0.263169162003026,0.339886383617139,0.38942978506952,0.372684161522211,0.331074665723325,0.330989009223244,0.345874838665805,0.383275976547907,0.357637698222188,0.381706380984007,0.344756889789777,0.375916206347194,0.430067303465197,0.291820564097476,0.398162117247856,0.451972827137848
"105","27122022_1415","27122022_1415_1","0",-0.00774894392071702,-0.0105325065997466,0.0338497930456618,0.0365289531288194,0.385835631830755,0.345421417402309,0.326181362099483,0.311643678063343,0.363117907023295,0.380072497679948,0.306531133081662,0.300035735844947,0.331524808606304,0.341316695326923,0.298004899304134,0.301615223060421,0.204098666026702,0.189713133268666,0.509809945922906,0.476426061188021
"106","27122022_1415","27122022_1415_2","1",0.00920658724985998,-0.0121418276268063,0.0327332243024716,0.0767602090979127,0.385414758395263,0.377013286728583,0.330778635664092,0.321295354676695,0.416028314426647,0.39407787067598,0.321861952652725,0.330349442018202,0.424121647251632,0.419512555352905,0.295082369293304,0.317371025812967,0.397919873276412,0.341185955327304,0.728738727882377,0.68254292885832
"107","27122022_1415","27122022_1415_1","0",-0.00151231093069832,-0.0205445468845054,0.0371619244142226,0.0287896959241527,0.386982814403344,0.327325785742955,0.324975897673946,0.32245020571912,0.326715916975545,0.332773832742809,0.310974806366785,0.306848585225049,0.321192517472607,0.346237891153092,0.309084792076256,0.310480154817378,0.185596062501383,0.175208605812609,0.52466868041776,0.487070505272241
"108","27122022_1415","27122022_1415_2","1",0.0419521643319835,-0.025917018800954,-0.0219777345872264,-0.0885357895656169,0.422616858473593,0.40475872484962,0.315773028049064,0.317584966494847,0.410223777634633,0.327018778537301,0.300080854183123,0.326087802045748,0.33426828619512,0.396131746624883,0.33142020023049,0.304980130520548,0.337236008018063,0.402751375265684,0.701428794921122,0.732953263088742
"109","29112022_1630","29112022_1630_1","1",0.0262440614854291,-0.00306229625077875,0.0651895471816345,0.0107817826725186,0.436364824201569,0.399907239360015,0.429400634754613,0.435846257204864,0.373132485407664,0.383468435717179,0.403601660819243,0.353538983785666,0.296745023449036,0.302064999290939,0.36576907285413,0.364519189708224,0.8162853601418,0.798871094268235,0.701049783234505,0.615241359669403
"110","29112022_1630","29112022_1630_2","1",-0.014940577402478,-0.0320141389579376,0.0362420169971845,0.026759581654259,0.348493980126235,0.327334068925431,0.313258425313898,0.338114932104978,0.33804143531282,0.337162172201319,0.328685044411709,0.34978903376427,0.305926407370284,0.298759667282476,0.312725679908038,0.360813707559747,0.521452415276461,0.494272053418197,0.568751773464021,0.528968187963805
"111","29112022_1630","29112022_1630_1","1",0.0856755419705364,0.0355383337260972,-0.0628160721608759,-0.00513443407998252,0.425769609084322,0.343495836494982,0.466702291129078,0.30528374782863,0.392622012107827,0.362688873736928,0.414331614611532,0.316904069902501,0.300700335423383,0.301304110986331,0.362412374653188,0.316294261240626,0.80525656734501,0.813568317000718,0.52666117213766,0.597261585163543
"112","29112022_1630","29112022_1630_2","1",-0.00642664728534492,-0.00106407813951649,-0.0363525175687311,0.00645608503440597,0.354201225511745,0.315209166721608,0.336388276292851,0.336313681828915,0.348661646164318,0.340753708923909,0.326790619712439,0.3434364995698,0.288658521402802,0.290997252891399,0.326600154643788,0.325572184522365,0.575028130828115,0.567650897851925,0.602776393938848,0.648254517111844
"113","30112022_0830","30112022_0830_1","0",0.013901412041222,0.0147280727096371,-0.0128890139598031,-0.00957729920739264,0.3351110462877,0.331050950365953,0.398340870466323,0.367772355701026,0.28318783494629,0.306301381824819,0.320836549230388,0.281159672332463,0.308924495424918,0.316826816593838,0.314747157443923,0.288740515132368,0.792665719729612,0.807995733395935,0.470503736251155,0.482790762351448
"114","30112022_0830","30112022_0830_2","0",-0.0131615530712625,-0.0460801966495448,0.0465816871647378,-0.0942877681509913,0.335286892987485,0.352149981407413,0.336925986645026,0.318006530486077,0.326135864605396,0.319836868712861,0.331944257026794,0.355797000390277,0.326333949376866,0.404527284248937,0.314179745728265,0.297867916876942,0.383339511492122,0.463153442919095,0.706928611208701,0.644000073820787
"115","30112022_0830","30112022_0830_1","0",-0.0146782625248358,0.010848894229417,0.0253635992591566,0.0141167670576976,0.374432888806944,0.34286165841027,0.353015581871498,0.378652792526171,0.305080521826698,0.313891096325981,0.331155281293819,0.341300618941228,0.349459389364882,0.316851175506176,0.299358340954561,0.318039735541685,0.811216131891704,0.788631456163312,0.486233657146226,0.462178510981331
"116","30112022_0830","30112022_0830_2","0",-0.0362952085792329,-0.0438333060381207,0.0105023231828464,-0.0501565053704148,0.353443989654467,0.347619094105176,0.354801502712088,0.317460804306707,0.293004922008844,0.317040260343629,0.330464455003617,0.353391529397049,0.386115800813152,0.467822342466666,0.331006812854451,0.315050009589131,0.462547311989763,0.511396952733857,0.621379221615878,0.60846302092084
"117","02052023_1230","02052023_1230_1","0",-0.00157100526091227,0.0117253956676164,0.0628898521389644,-0.000208577790543116,0.362619257626383,0.393378716898633,0.31122441519749,0.291890795091435,0.290786941922806,0.312532737768889,0.321920352778512,0.302102718851698,0.287152476969377,0.30868400143157,0.322717874859314,0.287050160455143,0.22855166456612,0.22864702605885,0.560839830603908,0.494471459602262
"118","02052023_1230","02052023_1230_2","0",0.00401617303137459,0.0244362149306539,0.00150897419970714,0.00193150773016939,0.361602865238458,0.336662853077331,0.286461681434209,0.319025690639273,0.309631828533293,0.329159274395157,0.316961188,0.292420862779728,0.31694079387953,0.290224749456597,0.325296755787577,0.321373792,0.910576164149538,0.907065375465095,0.924278994823504,0.92149377134084
"119","02052023_1230","02052023_1230_1","0",0.0413132786481234,0.0475018702670071,0.124677035656616,0.417103491233336,0.356949069,0.33568679212294,0.301784761532642,0.331914803558436,0.304232286696308,0.291081796178834,0.356639154976163,0.317350544638519,0.260972520147903,0.243059967658946,0.329235275,0.293618616875622,0.276741289987217,0.113831863913297,0.406952887125447,0.316726665712328
"120","02052023_1230","02052023_1230_2","1",0.00610242049944477,0.00786665495554489,0.000278545192837904,0.00327244183983805,0.381416157591129,0.32346680933222,0.414847268968876,0.398856107095212,0.305655689106297,0.288182689349029,0.309891020547465,0.319896937862982,0.320776673472595,0.312508911727632,0.294835622300484,0.293493363724948,0.923740318175063,0.917714265150427,0.93223403111705,0.931714837120107
"121","03052023_1230","03052023_1230_1","1",0.0428409812787494,0.044274944541501,0.00461856514776972,0.0162932610719527,0.458101772766012,0.41668295750896,0.279938969084304,0.304113331649588,0.406076922226965,0.370691835,0.350325428612513,0.323562941025567,0.300597041110121,0.305023975,0.430062214928166,0.363678613,0.692884638909629,0.670667921064639,0.585527965716963,0.580144232727503
"122","03052023_1230","03052023_1230_2","0",-0.0163144951186896,0.00982942492162524,0.00868995818532812,0.00399005502527401,0.381596198112948,0.333846926,0.283509079347969,0.297502332795556,0.322429938,0.335500055778069,0.317888780132951,0.326058126694953,0.292138780512183,0.286019672821332,0.311754744333656,0.306117557512514,0.696356735316814,0.690821816564926,0.75185979674762,0.73890511202622
"123","03052023_1230","03052023_1230_1","0",-0.0214172757695345,-0.0418982505927608,0.0636141691220692,0.0691366720269751,0.406396926959111,0.408993101557859,0.313260717893486,0.288099979842763,0.346331175542305,0.38193807415132,0.297864279028947,0.290455122641229,0.290344810055368,0.302887227518125,0.340854157513244,0.383517009289258,0.694153211707291,0.604377144362615,0.523205059330859,0.460619854853434
"124","03052023_1230","03052023_1230_2","1",0.00601270354510915,0.0225700158730531,-0.00486457024917357,-0.00244432935551851,0.347557881384907,0.319826396263748,0.281075438887207,0.316599969857196,0.348873427589682,0.324231737385962,0.294138819835047,0.311094241255053,0.283649572726705,0.273823661,0.322424663,0.305496210901708,0.681504006743467,0.684843810823795,0.717803317961451,0.724821065618547
"125","07122023_1000","07122023_1000_1","1",0.0343330859753384,0.0371430725150894,0.00153020447718707,0.0705152349060128,0.398513829,0.400575389670796,0.324412036862198,0.373831329408362,0.363471036158141,0.357341728602042,0.399457890738184,0.354938708372868,0.327876619264235,0.288927936871239,0.285414056,0.280435337,0.354135413232353,0.307481351639648,0.472612142601591,0.471167966053847
"126","07122023_1000","07122023_1000_2","0",-0.0433200456172978,-0.106757598758058,-0.0730463795431187,-0.0542935189865626,0.344349990375025,0.387490121,0.315160329543808,0.316920344387567,0.331535069,0.390964599678583,0.339854996227862,0.341228763704383,0.298353563993583,0.407832415,0.287705146680514,0.318314183566161,0.641191116531917,0.714813371974505,0.641083002258082,0.742121050479965
"127","07122023_1000","07122023_1000_1","1",-0.00329341679942025,0.0209032101671585,0.0822629884523775,0.187306402431164,0.381614662174335,0.422722314371923,0.35931385803305,0.320614771781601,0.324536182550696,0.315728272391836,0.384339381040849,0.397831965163303,0.339522658281528,0.294120170123211,0.291977816675219,0.311520092,0.406761902544517,0.278422480714293,0.466437838096136,0.395529803915047
"128","07122023_1000","07122023_1000_2","1",-0.0182060520437769,0.0530034828779385,0.0331716627179691,0.0350844136422236,0.344311486344981,0.331198277711951,0.360941449539524,0.365809275835748,0.296623617084019,0.320835622229343,0.345459857906467,0.345061006603577,0.353428380772714,0.308923923866947,0.304307327977217,0.28259684078488,0.647619190532322,0.603716801,0.614235142919291,0.574793099112474
"129","07122023_1200","07122023_1200_1","0",0.0153388785592989,-0.00394457964377771,0.0249989544371426,0.180294792080619,0.394126205907229,0.383635736544648,0.372709354,0.324671921030668,0.329880859710388,0.315921615773785,0.295665755189274,0.290724543796635,0.354610389267848,0.35790031511837,0.413549945039679,0.416344157794183,0.488145739781176,0.339013276858514,0.703502094255171,0.669186319152011
"130","07122023_1200","07122023_1200_2","0",0.0204303022309894,-0.0330547199660349,-0.00843560004598639,0.0145400563825512,0.356608823544105,0.349486027,0.324841445831241,0.335525786133277,0.296071163,0.274327112202256,0.305782918137207,0.303427212685643,0.309591727368922,0.311378043459001,0.352887229992136,0.396394183068625,0.397353428242716,0.385963949406268,0.63710455559422,0.647944717299739
"131","07122023_1200","07122023_1200_1","1",0.031553032683014,0.0152075867272999,-0.133060933144926,-0.342932134519638,0.399329674,0.413775726051707,0.320841107857201,0.319927852493809,0.309225170524945,0.289990899798137,0.295543304804392,0.27778039,0.348303011134772,0.351650232,0.398649933036942,0.37292433,0.309055217797054,0.63165497070414,0.668527596370375,0.873743647202808
"132","07122023_1200","07122023_1200_2","1",0.021623523350963,-0.0208666957789914,0.0483634145567912,0.208887670074212,0.45679527512626,0.398815789059791,0.410481117676926,0.349259278867973,0.277946553921277,0.26376959511188,0.296678067,0.286530196506772,0.336106383110267,0.347621904329346,0.399610942272628,0.419453744873025,0.580059193579471,0.379598528041367,0.682900386222867,0.619892856541279
"133","09052023_1630","09052023_1630_1","1",0.0855300513428223,0.056088364325184,-0.0536129516682951,-0.013063499425379,0.381216545263331,0.361078656765931,0.304699343408354,0.299562552668607,0.377954245611955,0.296483867664319,0.330941343757219,0.300702467630418,0.381294178834233,0.31577219519117,0.318419692,0.309618715867227,0.638461852695337,0.65536374261623,0.457305398204209,0.509118220991233
"134","09052023_1630","09052023_1630_2","0",-0.016178974603321,-0.0170686694599076,0.00166435192533541,-0.00324598578774859,0.380163596337253,0.361617970098496,0.297421184672457,0.303151559062731,0.311194691593759,0.303843140843358,0.280882267302591,0.307707274777163,0.321033362410808,0.347248768400606,0.292019439634348,0.287095440916773,0.517094959198889,0.520462857124642,0.912931342848984,0.909897514131312
"135","09052023_1630","09052023_1630_1","0",0.019199181396792,-0.0399760738406914,0.0102553218583797,0.0257684655678065,0.360876594404568,0.341215374268452,0.317630403836503,0.297428691804738,0.319621516500159,0.317295680961526,0.336884535823073,0.314476484175157,0.307494548448099,0.368492378,0.316289171260301,0.307240930380519,0.652608226345499,0.619819710858152,0.448538400153532,0.439431978123593
"136","09052023_1630","09052023_1630_2","1",0.00215923014551268,0.035646424652067,0.00228723052819102,0.056802160584357,0.391232578452649,0.397188787173291,0.290455287471057,0.278882431684684,0.30606968236378,0.302363171385623,0.304069956600698,0.305147280795367,0.34814660730796,0.296978452676514,0.26768836526803,0.2764630650958,0.557910786645595,0.497936385992847,0.911387082739809,0.90722749196553
"137","11122023_1200","11122023_1200_1","0",0.0465456552129115,-0.014219359471494,0.00558847843117195,0.0176379479889114,0.319830582198665,0.316841765787993,0.312782269587783,0.360944805939354,0.303864804109194,0.288982018990428,0.352244668902484,0.308765842828064,0.322276630763293,0.320067452614428,0.293434922530969,0.313406721585737,0.435265168371923,0.420176925217665,0.664177569806886,0.656795341185642
"138","11122023_1200","11122023_1200_2","0",-0.0151054337999242,0.0193046380445947,0.119590919757755,0.00502717088542537,0.295664033918898,0.306925546051365,0.305260570559147,0.365678951,0.267344078632037,0.27309177108432,0.313501839861244,0.325571139949813,0.304361968478215,0.30020661498881,0.32345336698473,0.303828297315836,0.796368362837314,0.788401454153238,0.632541710683955,0.497409773418502
"139","11122023_1200","11122023_1200_1","1",0.000189841261801516,-0.0025775855850795,0.0043968969784579,-0.0346525850684564,0.29965852990189,0.300313609992852,0.370036910760339,0.336502832825183,0.304759111527513,0.317360051418842,0.33242483675308,0.319582015171393,0.314646981,0.299140576013045,0.297619670378523,0.316290571514773,0.481238718146315,0.515788281051567,0.679990625291528,0.674037104856093
"140","11122023_1200","11122023_1200_2","0",0.0465091721005902,0.0117408529707127,0.0588319863587583,0.00708320626561374,0.341890934385101,0.31893792924704,0.379133017576164,0.32271294,0.345980050662258,0.295338866983783,0.334998090652439,0.325110938,0.328013152533629,0.30993919791058,0.325512051055916,0.328418201976129,0.797406123029647,0.786189190780669,0.611516119869165,0.54356065859523
"141","11122023_1400","11122023_1400_1","0",-0.0113021867713447,-0.00673092381720985,-0.0749104830604286,0.0624842578330313,0.387365154224436,0.342604484043509,0.309530141091598,0.304803104998717,0.315434434386931,0.301005004634727,0.27334595351405,0.301236535546202,0.38209385060774,0.42908144089751,0.356746741509222,0.319772711206063,0.327295068588399,0.288798894546504,0.446394543393966,0.518689451657132
"142","11122023_1400","11122023_1400_2","1",0.00691606595569691,0.0592200462284271,0.0377800871822913,0.131330911992977,0.410444447679089,0.334303858698774,0.28472690816653,0.288992237111468,0.335900157116901,0.302418167711358,0.291225542845369,0.316092628089391,0.364251323965364,0.333234083355356,0.411859466312035,0.3560933854729,0.159090415398606,0.122154291542795,0.504884277895633,0.4681239425
"143","11122023_1400","11122023_1400_1","0",0.0522564740818927,0.0362940231628817,-0.00659876725341451,-0.00714175580992658,0.343323296491133,0.36514588106065,0.316462962303666,0.322183825486623,0.336565618055905,0.271296166432845,0.297664106946707,0.299940153439174,0.357195027035433,0.3251044535588,0.346953409552744,0.329721340813151,0.307828567878121,0.312257068071315,0.503623554,0.510314293867506
"144","11122023_1400","11122023_1400_2","0",0.00445755467054618,0.033746798383258,0.00946590296808749,0.326577170679537,0.394696931816148,0.426597092737374,0.310475071822641,0.269584193173106,0.319912564766021,0.320429063175233,0.288213576476975,0.282299626461024,0.38305366151628,0.360871509011026,0.401196359170181,0.372174624279481,0.15779233181796,0.0801016035,0.45330901532686,0.444807531242996
"145","13122023_1400","13122023_1400_1","0",0.0590925472170839,0.014443460125374,0.0351205366325109,0.179443100386963,0.367034638804327,0.365150661058744,0.414566871705338,0.328309560142122,0.3743296117271,0.337940624106919,0.359824155196478,0.314288260519023,0.298025570159673,0.29738023384293,0.294323692205284,0.278101507979865,0.348578944139312,0.242511790165627,0.451851306044021,0.421189639533194
"146","13122023_1400","13122023_1400_2","1",-0.0902891904561762,-0.0312368717827646,-0.165102393058607,-0.00202490207076494,0.408925749453121,0.416093429663689,0.37038893666553,0.492707333,0.329169202415915,0.34906309381413,0.36577507381751,0.483828221093561,0.306020804021153,0.326007311,0.303799107604051,0.323138759590539,0.896292467126194,0.899929640992477,0.422700960661104,0.589880599393064
"147","13122023_1400","13122023_1400_1","1",-0.0148038969347215,0.00395879225095065,0.0377333154736037,0.0511887292226817,0.38682609,0.433862161580733,0.435674035493417,0.404287826678156,0.347945445658292,0.377132118009862,0.354960195728302,0.346897729283649,0.284791231746507,0.324020966610005,0.386520506583683,0.341996562977384,0.316537827502839,0.285709549591678,0.372216709207399,0.345148154495614
"148","13122023_1400","13122023_1400_2","0",0.0529806911904789,-0.0147622858940765,-0.176807809252551,0.0520410030252121,0.393402245650777,0.393688965301198,0.43055518914851,0.353973462718135,0.390201526562915,0.357604501798239,0.423390009317762,0.374115367719878,0.279805443038269,0.312476867495539,0.357600802234515,0.344030500457928,1.0396787790774,0.936819810022715,0.376680129772599,0.538489217085703
"149","15052023_1430","15052023_1430_1","0",0.0258890738301083,-0.016464154436422,-0.0632606735937999,-0.0142588613457073,0.349827317237551,0.384880150875511,0.33696512941452,0.327385433922183,0.354210516,0.323151951376954,0.349240987016063,0.344795307833313,0.330224343331809,0.357015020568815,0.362870931459983,0.359284751943724,0.267702939337505,0.275447648255838,0.432996880631648,0.491479904799877
"150","15052023_1430","15052023_1430_2","1",-0.0317222202730351,-0.00516252248404557,-0.149292581921005,-0.0279901963638456,0.349168557852412,0.413322259656049,0.317265804097804,0.405273528237165,0.380195107002702,0.399396146780302,0.381786008193862,0.412512237814047,0.348871347577041,0.357545934,0.386278993159884,0.385234256333433,0.529760534433926,0.56027072338295,0.483307211096004,0.652940577097434
"151","15052023_1430","15052023_1430_1","0",-0.0284209577201794,0.0375753060624427,-0.0800623308458739,0.0641038036960734,0.389319982471097,0.358972328841727,0.351052831541227,0.347504646719452,0.335877044498059,0.322798486752071,0.306919082129291,0.357604217914884,0.321904053653608,0.333603517802205,0.338681826243607,0.279136742653923,0.291452267460337,0.256336898310902,0.445198273576292,0.522689635580961
"152","15052023_1430","15052023_1430_2","0",-0.0249190713896358,-0.0320455594730679,-0.039144965995251,0.00201731197750282,0.375243091,0.384653183,0.33479402866565,0.382604850935982,0.349535689292564,0.379252532220272,0.364326443,0.371096379610289,0.298484955,0.33853543325743,0.311732388473061,0.312086200651281,0.49322632667945,0.491240350260606,0.455773305308102,0.492909459892146
"153","15052023_1630","15052023_1630_1","0",0.036018847340744,-0.0341628669680213,0.115114330765312,0.162806322742567,0.435735928024104,0.39939518670319,0.399335616805878,0.383846266,0.347364478538219,0.315386286248399,0.405515323794291,0.385143382231334,0.365802937,0.402447363,0.379166317693294,0.39522287961961,0.312209032322867,0.224783287406696,0.408509301487854,0.324167680983514
"154","15052023_1630","15052023_1630_2","1",-0.0328389964812405,-0.0813388166521915,-0.129579024109525,-0.125503958412073,0.344190507005416,0.370815673098631,0.38230409804624,0.405373379094925,0.316907687346391,0.308689620028022,0.332642410823022,0.384970142014457,0.346986184663633,0.42465892505499,0.323556298238708,0.364624031621455,0.336978868642566,0.433702421190772,0.485361987150847,0.629873055649684
"155","15052023_1630","15052023_1630_1","1",-0.00874042043298143,0.0353663910653178,0.0111043397671743,0.114120750478718,0.461784964236709,0.362051557,0.378093690452154,0.374046841327703,0.330655611391154,0.34838068074727,0.384939238,0.379833668061155,0.383627533906764,0.36934880355349,0.395039665547631,0.356122447252612,0.233121029043652,0.185363285055127,0.294235483335072,0.287772667085537
"156","15052023_1630","15052023_1630_2","1",-0.0266947230309391,-0.0504719335201946,-0.0718959330174542,-0.328309432018976,0.351988779999528,0.365613233362652,0.404631752792797,0.393819483693296,0.340253909851164,0.338838353426202,0.359714296567606,0.399525735236215,0.374076709602377,0.418698373,0.351221330315263,0.383705748865833,0.249201444214826,0.492811191049292,0.516911263623538,0.596996717200469
"157","20042023_1200","20042023_1200_1","0",0.0237113236929576,0.0338333450923578,-0.033654407344866,-0.0579348958159831,0.336046032474979,0.320624346208935,0.398430664,0.339817047236828,0.297300932682858,0.305387612207038,0.395198328178961,0.355032147820124,0.4415039659169,0.41166822602221,0.377194947,0.353445023443332,0.1864677475,0.209402445911976,0.597698360370167,0.639329810323776
"158","20042023_1200","20042023_1200_2","1",-0.0181686087117143,-0.0114887808195545,-0.0134253273937452,-0.196109813745456,0.323564532423908,0.309047666791907,0.335466247,0.353346414786589,0.311138359903873,0.313480665598116,0.316383460714945,0.337265506,0.363423694303538,0.345709133975721,0.324858025905006,0.358571429082858,0.138524417382426,0.206110757299415,0.71389799783068,0.733327473597166
"159","20042023_1200","20042023_1200_1","1",0.0231250240146307,0.0219667486596981,0.0216300753884564,0.190558812847672,0.300775975083801,0.355000862043718,0.436959917365157,0.369392388219216,0.296083248489101,0.316351036104038,0.384665884,0.333625043889527,0.436677028238145,0.403100581125734,0.354436767908054,0.3540038933983,0.276351740483443,0.18788696406647,0.585629753734556,0.560831705932008
"160","20042023_1200","20042023_1200_2","0",0.0104497381829925,0.0373334592764406,-0.00567536458949579,-0.00556926616333992,0.314207704059564,0.308745594168625,0.367795939494885,0.331834225394651,0.32294710325558,0.32160944312882,0.359800222540176,0.347016387,0.37223543885645,0.342092920600587,0.383098757,0.358872570209408,0.218908403302095,0.221360377324815,0.749507952909746,0.758063973235509
"161","21122023_1500","21122023_1500_1","0",-0.0149105873759162,-0.0359340727661459,0.0330748632526117,-0.0669870421527018,0.414879650345243,0.449180348,0.463581927244607,0.495260034420945,0.373069975286582,0.370974909945941,0.365946129,0.390413101,0.37363849006816,0.420074632,0.292556084462664,0.295782696169031,0.355586807753903,0.406646566955777,0.513427976126948,0.480552217158236
"162","21122023_1500","21122023_1500_2","0",0.0526538540556346,0.0146770645546055,-0.0511525595561948,-0.00608621715520966,0.379881816476139,0.434646545863641,0.349527487418933,0.375386173068102,0.397690435782433,0.345004502895464,0.402756483333317,0.375365541764315,0.353562664194399,0.318488282117418,0.298971908603307,0.315168773125936,0.873680903818137,0.884380849420616,0.622858438674536,0.690015290284897
"163","21122023_1500","21122023_1500_1","0",0.0685319929548565,0.0352993367215855,-0.0261743916448959,0.0499161552547596,0.451581138235642,0.428962362606566,0.50806875465374,0.398315741967436,0.41819292967716,0.373980248,0.425481533233373,0.361473417162608,0.404856352971455,0.378793141864125,0.308011463,0.285463108,0.31085824425324,0.281299982282118,0.415656522036442,0.438000474596724
"164","21122023_1500","21122023_1500_2","0",0.0250623219781912,-0.0325920080461588,-0.0519561307773575,-0.00411980566919537,0.374615817297668,0.381511518805316,0.394224592,0.353831463,0.35396635122938,0.325195307618288,0.392370256619998,0.384646098,0.313988691422075,0.350555038287472,0.296807109394806,0.301396225003062,0.867919391402975,0.875100293783526,0.613466756610099,0.680707018519351
"165","22032023_1030","22032023_1030_1","1",-0.0105023605473088,-0.0600045545251124,-0.105351384590554,-0.180778138228362,0.300040575,0.349005243982545,0.296347024188883,0.351122864,0.379086584670167,0.329593414581091,0.308515681216161,0.372605039555831,0.321967274382293,0.390222403488876,0.323861317763339,0.338059049801634,0.317606113290833,0.457778744246984,0.666588291051702,0.823579534774821
"166","22032023_1030","22032023_1030_2","1",0.0217388029361267,0.00540666844702905,-0.0976997688030611,-0.186327975395251,0.303290433471204,0.314555315,0.316146004,0.330828085457721,0.366782102548552,0.337313354428879,0.347558234818073,0.346629969965908,0.35344871495718,0.32098106,0.345205450000921,0.370158948651779,0.186139381539293,0.271389883104438,0.456993412728834,0.555958589117853
"167","22032023_1030","22032023_1030_1","1",-0.0430436263358479,-0.0784797288855733,0.00233944446257882,0.0919438609213415,0.312230824205022,0.323004429376351,0.366076087458408,0.35970749615473,0.357203885056658,0.321360935568424,0.296677065063815,0.391342774,0.340765624,0.422697174722317,0.346780624217258,0.381956520499075,0.328531147367437,0.273205185652897,0.669315183242564,0.666190841069247
"168","22032023_1030","22032023_1030_2","1",-0.000943670971127872,0.0775893209176729,0.0017095440387739,0.158853617958862,0.314952297239623,0.311630102775963,0.376073372194516,0.338363361,0.404301442096221,0.376675906783962,0.322058264480479,0.35105598382236,0.468756042320523,0.398974118761047,0.437665266474948,0.37691766,0.339096945241906,0.246131318253827,0.454718161086503,0.453166092972081
"169","22032023_1430","22032023_1430_1","0",0.0103810627243742,0.0216545231296428,0.0517911828129421,0.00464966703236902,0.353258465,0.360712797487105,0.343687729355348,0.333410692878648,0.304645631636096,0.304835189,0.347763875405431,0.334168081,0.321339847997792,0.31911246704056,0.360583561409739,0.333903467467481,0.489410589853813,0.484880460875305,0.384789996854841,0.346895157275748
"170","22032023_1430","22032023_1430_2","1",0.0162897892260948,0.0256697597806951,-0.0605595792878024,0.00492020779061514,0.358906615,0.394351837432269,0.343999277611585,0.344136502837878,0.312798218293607,0.308086083607945,0.372041161034773,0.354799145907547,0.321610256086069,0.318653892,0.365020934867489,0.333608229257131,0.482763018069,0.478035688786318,0.631137360700146,0.712507955778094
"171","22032023_1430","22032023_1430_1","0",0.0525901904022436,-0.0231277128780301,-0.0766052705137477,-0.107888097637869,0.366350867651066,0.328866371446325,0.390355791101683,0.341637661793192,0.340659013670174,0.323825802993405,0.390246368020047,0.334043645929051,0.313686807418845,0.340139956061881,0.334111124448867,0.338331554673255,0.378091643856865,0.469541131483886,0.270990307882101,0.315953280225384
"172","22032023_1430","22032023_1430_2","1",0.00451279698143514,0.0449482576984897,-0.131590450731658,0.0101126672266404,0.374998954,0.489036773917479,0.385341691089438,0.353201716775423,0.333716495977318,0.315889567022397,0.390105799543048,0.401429151679166,0.32441166874501,0.308630698213229,0.370274698055306,0.326292055212888,0.48137414478512,0.471735662473863,0.641316149749363,0.835673941595645
"173","27122023_1000","27122023_1000_1","0",-0.0156321935576401,-0.00996768855862762,-0.00625640012260523,-0.0156241952367307,0.300815280002501,0.315010093385146,0.3067318301773,0.297002486742745,0.30738969174035,0.28612357,0.280755917972309,0.320702061450332,0.284735698998721,0.316442821005087,0.320438282392424,0.300916996546312,0.550602134252981,0.568080652521515,0.703126181306771,0.71197964960076
"174","27122023_1000","27122023_1000_2","1",-0.0293107975391173,0.00144880312902247,0.032399576733406,0.041592629962718,0.307035144000916,0.343138787232959,0.293828666024682,0.290746279400192,0.295637625741505,0.304210569281177,0.302128072301813,0.329655230229753,0.289470468192831,0.285372948286123,0.337230734254458,0.339514947958731,0.435085317526481,0.400337870024403,0.391004580205297,0.366462952748303
"175","27122023_1000","27122023_1000_1","1",-0.0183095852085764,-0.00205045865445484,-0.0051600273147174,-0.0311604964625996,0.306774112548088,0.323943259510104,0.28635577686162,0.295079739151345,0.288394986720233,0.299364013512678,0.310709688333725,0.322088558457617,0.299484909405113,0.304485053405429,0.309648908,0.307151904,0.576936143161559,0.614047793920002,0.713187672726786,0.720585983958403
"176","27122023_1000","27122023_1000_2","0",0.033247554678993,-0.0448618124891577,-0.0481188890024717,-0.0733211642906494,0.33906378811261,0.290583828133575,0.323850008349002,0.323786844786375,0.293973107665459,0.282261730898293,0.314371501802196,0.286932588640575,0.270993394,0.289242396564952,0.320190650294791,0.357476204066345,0.369426118307771,0.427885968840489,0.370983387447503,0.408490820331931
"177","27122023_1200","27122023_1200_1","1",-0.044288301546744,-0.00510530731510228,-0.0800448914367222,-0.0876244566958376,0.374002484968833,0.379350632644295,0.307033214174271,0.28463506867067,0.31004906986334,0.331593433978904,0.326487540661267,0.363938217410184,0.339828977154924,0.341031919194726,0.287533428,0.292769112881836,0.502649254936407,0.599198024126042,0.508197743017285,0.596633869496837
"178","27122023_1200","27122023_1200_2","0",-0.017773531158413,0.0289494967523806,-0.00178760841991683,0.0265548821244808,0.373539152337663,0.344856006590658,0.306222656194742,0.304673610973225,0.341280976156729,0.344861040391987,0.295957966265905,0.315439765170744,0.35283799137396,0.348741865504995,0.332092906793457,0.297647967479561,0.67690728043668,0.641886857555833,0.616522726931761,0.6187308766743
"179","27122023_1200","27122023_1200_1","0",-0.0469705651953249,-0.00862915897352589,-0.0290923053938791,0.0763939521568664,0.423146697498454,0.391498733099762,0.273531396632981,0.287292696916911,0.314410715750432,0.330533608524262,0.321788297503678,0.368376221705565,0.365610624460223,0.378727535033677,0.289479902411061,0.287767160821576,0.591306615423978,0.507374056720499,0.453024697344949,0.480173586820947
"180","27122023_1200","27122023_1200_2","1",0.0146076259245155,0.00448130891854194,-0.0100195328033481,0.00542119542034149,0.360935751200816,0.359275809076924,0.313734350415376,0.301329382294547,0.344436441866115,0.348785302638677,0.327819138131126,0.304112926226259,0.323611683549283,0.32028576,0.314710479,0.312340888308177,0.617221594106704,0.610565520225333,0.593194714606366,0.605202090708647
"181","29112023_1330","29112023_1330_1","1",-0.0224651657127234,0.0794664566690418,-0.0252865881796037,-0.0415392246175078,0.395104640351152,0.371967222102513,0.299037219967664,0.317319110829001,0.327736558,0.302221655220794,0.293607694721938,0.347681378451849,0.37555010285808,0.332258791743449,0.379952951,0.312009401,0.228121191948796,0.247894515335125,0.737325016933288,0.775581254780453
"182","29112023_1330","29112023_1330_2","1",-0.0167903744021177,0.0634617895479806,-0.00593479744151688,0.0168231172876925,0.367911035240782,0.342780066711319,0.36499926,0.285593001323087,0.292110762811942,0.29991196130541,0.272952637992224,0.284450734,0.386676802291249,0.34483769,0.372317748242477,0.323571278790335,0.240613766074077,0.232651961235306,0.653386320318803,0.661188052945938
"183","29112023_1330","29112023_1330_1","1",-0.026211764660635,-0.0239880524572024,-0.00783244562403606,0.120573820134532,0.358964953113354,0.344716474743825,0.292944341995464,0.321521687557373,0.292454845176536,0.311983748700655,0.305948553406577,0.318634475419589,0.325571235527519,0.373917319300093,0.33258464700164,0.316590375878231,0.26950458371437,0.211507160218777,0.708591243684167,0.71977887496952
"184","29112023_1330","29112023_1330_2","1",0.0203610495527771,-0.0532934662641267,-0.00573730622153034,-0.029106877873999,0.320433354423369,0.359199546975878,0.292953966802417,0.294894114363026,0.296567603321204,0.303615139865311,0.318614167396794,0.287015034095746,0.3229201024887,0.368062699177033,0.329994185105237,0.358361307256474,0.182170264607536,0.193093006819561,0.62173195240919,0.628907252500407
"185","30032023_0915","30032023_0915_1","1",0.0532889575913391,0.0370668561148772,0.0261078794952701,0.0765475778904445,0.378247577907454,0.323222337237967,0.40208775696286,0.333508066430735,0.365228963721406,0.336701238509214,0.365398111928755,0.319996731611462,0.36388340265622,0.338064186611721,0.354403246356418,0.328876442207134,0.32638471875604,0.279969752628512,0.410875527177112,0.389967221207622
"186","30032023_0915","30032023_0915_2","1",0.0193985327409214,-0.0284178026600086,-0.000772004652795149,0.00322517257884556,0.383888925274295,0.32517744,0.301724806323218,0.293586467204866,0.348936198826032,0.291703012030368,0.286259811012094,0.319318211994368,0.305575644233071,0.312470452,0.365445729616762,0.397804323229396,0.37915106816037,0.376713275206815,0.3941389165,0.394747940824383
"187","30032023_0915","30032023_0915_1","0",-0.0210524989492909,-0.0313204658602625,-0.00778280114962955,-0.00321187730676726,0.384933803092514,0.35354452,0.368261212785621,0.340800633681151,0.326655679211481,0.31783474732545,0.306556908352405,0.342612614973667,0.354443787367502,0.392151914736559,0.308943893603027,0.314134600124187,0.279620782066492,0.281422785168201,0.408335127862338,0.414740965427426
"188","30032023_0915","30032023_0915_2","1",0.0431477270622494,0.016143594277655,0.0107094980084897,0.0936142558970793,0.366914351646242,0.349971011,0.307638521013801,0.292194138443891,0.324104219832457,0.284528871886288,0.316852840389113,0.303404365197696,0.34116342,0.350387461674759,0.383696653265362,0.351440735,0.441318786998243,0.365764303988413,0.394188208928268,0.385834556673479
"189","30112023_1000","30112023_1000_1","1",0.0195645672240918,0.0306403808275635,-0.0338804045271648,0.0221596106339959,0.400262731248715,0.394456701230541,0.395562236415014,0.407284186608899,0.385337866044738,0.369710121367293,0.400065512162449,0.385550826071042,0.450245035157543,0.393471329992408,0.361541155173409,0.370046932,0.286448188852083,0.274028249214988,0.38238051000477,0.409199563097104
"190","30112023_1000","30112023_1000_2","1",-0.0655785538556954,-0.0394653954074783,-0.0631120588757022,0.118897406171718,0.382955612607947,0.439627357466825,0.364406815142416,0.371459033813436,0.309462125608486,0.373286382414005,0.405089636428062,0.441561175278242,0.400040399627739,0.430826206,0.44610444113415,0.484849582534108,0.419698856068741,0.330501928656878,0.30702827804412,0.348393282138788
"191","30112023_1000","30112023_1000_1","0",0.097831372566313,0.0345419380271337,-0.00935216396916954,0.0906835020345653,0.449220924,0.356453162694537,0.421704752471717,0.357483874447663,0.412177810173213,0.357837332335215,0.518866787778699,0.407270359067627,0.418994449320573,0.401398820262636,0.385313353255117,0.349199511,0.343649026522801,0.286504498091364,0.478290335435729,0.48732088994597
"192","30112023_1000","30112023_1000_2","1",0.0821328268303164,0.0816247669282653,-0.210259997431434,-0.0914641073276416,0.4299574639732,0.374613160467778,0.434131132334764,0.335400176244911,0.378047971087162,0.341132073811412,0.456639678,0.366851617240052,0.425267447491766,0.339814100837015,0.389420944561802,0.351913441661698,0.286162006979785,0.343778998736722,0.321653905165837,0.492927866353102
"193","30112023_1200","30112023_1200_1","1",-0.0313104043870715,-0.000192010080586997,0.000397393565451607,0.00192964336466434,0.340523200299611,0.409351963283642,0.334001325,0.365209820372027,0.272971703638869,0.288629578449224,0.279624285560977,0.299688904236418,0.331399717406539,0.318468572881674,0.313752045488074,0.326930988876787,0.697744870654852,0.695057259266559,0.832736337820549,0.832074752605521
"194","30112023_1200","30112023_1200_2","0",-0.00344687720892927,-0.0196544956277839,-0.0571962778930149,-0.0751358317189853,0.404977302735457,0.444896961,0.352052978970141,0.335582695169509,0.303467502615645,0.289145473218139,0.283981901167544,0.302367669697446,0.307522141739475,0.325918062986285,0.299592924481727,0.305540544081259,0.590171990305364,0.686062965152535,0.885407533898946,0.992836077444103
"195","30112023_1200","30112023_1200_1","0",-0.00325847585252655,0.0217554073003337,0.00146052245941473,0.00206052583094206,0.427669917839099,0.428612997,0.388464739235789,0.400512720292273,0.315125451825899,0.303837605286395,0.285798988475059,0.301015833115828,0.331294086683024,0.303279005159326,0.317305786,0.317700647842264,0.711324643203458,0.70839926541694,0.829065612632398,0.826647406581491
"196","30112023_1200","30112023_1200_2","1",-0.00293319169221004,-0.0172296383353667,-0.0127494551878088,-0.00924914094826119,0.504054790508773,0.378804164666836,0.347043225801181,0.325415074442054,0.297223934948687,0.292036354659122,0.281442503808501,0.290034749816713,0.302515085687849,0.312317585424897,0.291996327282798,0.303039422877669,0.615986090647413,0.627487149914764,0.862226501280453,0.884496264913569
"197","31052023_1230","31052023_1230_1","0",-0.0152074511040387,-0.0251697554504962,-0.0439083261671118,-0.0137505626072133,0.353849184846774,0.318911214049946,0.33785586759984,0.361055234309561,0.368938681059583,0.382668205478777,0.323084212444682,0.330727523,0.317726635212807,0.335719240652869,0.302880332286203,0.316935410409843,0.553535395479855,0.56897048283661,0.812609290125735,0.887247140728966
"198","31052023_1230","31052023_1230_2","0",0.0324713223992934,-0.00638543854459427,-0.0389353151198033,0.00478735094339766,0.378573422150172,0.352789268678219,0.329789461029436,0.305408533542217,0.368450072592471,0.304010345,0.284323087947358,0.3077032581659,0.315006919346023,0.311941137050837,0.267711302846862,0.278266732618989,0.521824495496252,0.516851986659519,0.514871126726885,0.556588754854482
"199","31052023_1230","31052023_1230_1","0",-0.0215557008481062,-0.0284103907927519,-0.0921050683521511,-0.00571258857746611,0.357322871076048,0.351713526109744,0.362874918661974,0.36120452,0.356963269728701,0.358923982948619,0.343248839024887,0.372140291348979,0.341525333168608,0.360486180371217,0.331522851716497,0.351923401082425,0.556845540215171,0.563244151795488,0.723344027930044,0.870109140967284
"200","31052023_1230","31052023_1230_2","0",0.00195167210900318,-0.0182251416120816,-0.0562452710810262,-0.0214184110516181,0.358120111072516,0.3988522013177,0.35932744875534,0.368843531875683,0.343366036946927,0.332492234914467,0.304596687927093,0.312946195,0.313820996190075,0.318047112807556,0.27525278159781,0.292897163961687,0.501344945707326,0.523291019999098,0.678287836046605,0.759136137073088
"201","10052023_1430","10052023_1430_1","1",-0.037693291419629,-0.0449428432351633,-0.0308037894946665,0.0134887117517466,0.30220924323107,0.306277688920733,0.3017006,0.258193663944573,0.267752397826935,0.275645225198196,0.312486520611058,0.350049293727004,0.304479166221976,0.365035182418379,0.280635172637222,0.275147487838015,0.272848001027857,0.265585230371944,0.5049114758506,0.537006497781059
"202","10052023_1430","10052023_1430_2","1",-0.0409220384884834,-0.0555420530923623,-0.0408702916106416,-0.0421811834214034,0.345982747281387,0.347599883302623,0.324061232210123,0.320755947914045,0.31669770884486,0.300651151367864,0.308834665049996,0.378261783665056,0.378407808314385,0.418799185384141,0.293552273570721,0.332194680199247,0.562188082693078,0.6117042505172,0.717298140045716,0.778428942061367
"203","10052023_1430","10052023_1430_1","1",-0.0188571270784898,-0.010784150260144,0.0166173827795033,-0.00158601191386423,0.292090196849008,0.276114188,0.27317719157653,0.28795926666008,0.299577426,0.299185161769263,0.324781845785354,0.349173921777719,0.306934274736406,0.328472533,0.297838113362847,0.289485968743032,0.286694494636269,0.287605341017746,0.538745847386648,0.521133427771286
"204","10052023_1430","10052023_1430_2","0",0.0360213318083057,0.0189279600455046,-0.00451575072900782,0.0121468570139627,0.351673108442761,0.31464319,0.324880778038507,0.308930007,0.293208731671999,0.279369956968193,0.294010143899174,0.267014998853221,0.368050358618551,0.382344054904594,0.328271612468443,0.288107678119735,0.573432116359414,0.559668505127777,0.846854544534941,0.854537607385303
"205","09052023_1215","09052023_1215_1","1",0.0565219203800787,0.0454145422482349,-0.0988589066038899,0.174278483834541,0.273907412556687,0.277427753315552,0.340716234,0.298443887436551,0.372187356735207,0.329472462028274,0.364343727,0.328252587550333,0.370209280494944,0.312331492620954,0.311960886470496,0.31056946654963,0.21799138742215,0.153285767738373,0.40915185231402,0.49892315461316
"206","09052023_1215","09052023_1215_2","0",-0.0268147342131721,0.0323507508892838,-0.0896771687969839,-0.0143164853397998,0.300112176,0.30616016163331,0.3282999584497,0.293597394965303,0.329815421434446,0.32465424555935,0.311761694733112,0.352278358308441,0.377943246216329,0.346393328060142,0.33029632310297,0.317458068233187,0.591147884246308,0.608320049332955,0.56617515444817,0.677724559019313
"207","09052023_1215","09052023_1215_1","1",-0.0615847715924197,0.00328956419629379,-0.0199613440344789,0.195931079706545,0.304428563710441,0.302835287022077,0.298991491432131,0.28748599312164,0.31778814799234,0.366371210945282,0.341584210758784,0.379545557740346,0.359017490989051,0.373267568846678,0.32724956651661,0.30849925338887,0.277466258996472,0.186550879958653,0.483492393576105,0.503187857520266
"208","09052023_1215","09052023_1215_2","1",0.0215748892210773,0.0018062201375644,-0.179098191477999,-0.0384026807307839,0.35393548473711,0.379813033975924,0.332823170741133,0.344343908,0.33521388528916,0.318216629572561,0.327295055274238,0.316308935221828,0.3844894,0.390721900608639,0.316959871,0.308197995401882,0.667920241190243,0.721268825388773,0.843486393795338,1.21153744715343
"209","08052023_1430","08052023_1430_1","1",-0.000565187090418409,-0.00204907785339852,-0.00384627487349692,0.00366440504827454,0.315215951053674,0.307382829557455,0.351399972779059,0.349046877571187,0.284180249243217,0.292499679,0.364980727974813,0.35739550799177,0.360089146136989,0.357459762,0.31774526280758,0.323158221657145,0.622104016321663,0.617561380184535,0.6970342947137,0.702416968945797
"210","08052023_1430","08052023_1430_2","0",-0.0172722350060782,0.0284982851819022,-0.0189502306060334,-0.0263622345183748,0.288753587508515,0.305728759223417,0.342302704974504,0.302878107337393,0.287010151494502,0.301407902519847,0.294990231277942,0.301050734802747,0.369200596900468,0.31959652655658,0.286130344135142,0.299417760741772,0.242730390132517,0.255874735383432,0.445720308378295,0.46293962363236
"211","08052023_1430","08052023_1430_1","1",-0.146297749704886,0.00478335256420078,-0.134065111949769,-0.174958942779175,0.317000995878423,0.304234852332044,0.346445489766589,0.545965006199806,0.287772874194606,0.291732803285918,0.299677866,0.497059145329378,0.410200165602014,0.406630556867419,0.326658452658551,0.323212311078184,0.656118435225938,0.934392556884181,0.709695246007548,0.929447040095562
"212","08052023_1430","08052023_1430_2","0",0.0146517885098584,-0.00179163507341883,-0.000112226861541091,0.0698828725976641,0.305388843820069,0.280605778843943,0.416569558250532,0.299893339973728,0.275285779807203,0.28499316330781,0.325171925918771,0.298123067415528,0.338972773793514,0.337075739,0.281262436858793,0.285385930969256,0.349854893337328,0.304151077405776,0.499766895354471,0.499879082485217
